Timestamp,Day of the sale,Quantity,Month of the year,Day of the week,Price (per item unless its a set),Card amount paid,Cash amount paid,Product type,Handmade / Beaded collections,Sterling Silver collections,Gold Plated collections,details,Zirconia Color,Mohave type,Birth Stone type,Set type 
12/13/2024 9:58:59,7/15/2024,1,July,Monday,10,10,0,Handmade / Beaded,beaded bracelets,,,beads,,,,
12/13/2024 10:00:23,7/15/2024,1,July,Monday,45,43,2,Gold Plated,,,bracelets,Mohave Stone,,Mohave emerald,,
12/13/2024 10:01:35,7/15/2024,1,July,Monday,50,50,0,Sterling Silver,,Sterling Silver Rings,,Zirconia,emerald,,,
12/13/2024 10:03:20,7/16/2024,1,July,Tuesday,30,30,0,Sterling Silver,,Sterling Silver Stud Earings,,Raw Stone,,,,
12/13/2024 10:04:20,7/16/2024,1,July,Tuesday,36,0,36,Sterling Silver,,Sterling Silver Rings,,Raw Stone,,,Turquoise (december),
12/13/2024 10:05:25,7/16/2024,1,July,Tuesday,10,10,0,Handmade / Beaded,beaded bracelets,,,Raw Stone,,,,
12/13/2024 10:05:25,7/16/2024,1,July,Tuesday,10,10,0,Handmade / Beaded,beaded bracelets,,,Raw Stone,,,,
12/13/2024 10:05:25,7/16/2024,1,July,Tuesday,10,10,0,Handmade / Beaded,beaded bracelets,,,Raw Stone,,,,
12/13/2024 10:05:25,7/16/2024,1,July,Tuesday,10,0,10,Handmade / Beaded,beaded bracelets,,,Raw Stone,,,,
12/13/2024 10:05:25,7/16/2024,1,July,Tuesday,10,5,5,Handmade / Beaded,beaded bracelets,,,Raw Stone,,,,
12/13/2024 10:06:25,7/17/2024,1,July,Wednesday,7.5,7.5,0,Handmade / Beaded,Earing Charms,,,,,,,
12/13/2024 10:06:25,7/17/2024,1,July,Wednesday,7.5,7.5,0,Handmade / Beaded,Earing Charms,,,,,,,
12/13/2024 10:07:46,7/17/2024,1,July,Wednesday,7.5,7.5,0,Handmade / Beaded,Earing Charms,,,,,,,
12/13/2024 10:07:46,7/17/2024,1,July,Wednesday,7.5,7.5,0,Handmade / Beaded,Earing Charms,,,,,,,
12/13/2024 10:07:46,7/17/2024,1,July,Wednesday,10,10,0,Handmade / Beaded,Earing Charms,,,,,,,
12/13/2024 10:09:31,7/17/2024,1,July,Wednesday,60,60,0,Sterling Silver,,Sterling Silver Bracelets,,Raw Stone,,,"3 colours, hydro Zirconia",
12/13/2024 10:10:49,7/17/2024,1,July,Wednesday,40,40,0,Sterling Silver,,Sterling Silver Rings,,Zirconia,white (diamond),,,
12/13/2024 10:14:24,7/18/2024,1,July,Thursday,10,10,0,Handmade / Beaded,Earing Charms,,,,,,,
12/13/2024 10:16:14,7/19/2024,1,July,Friday,35,35,0,Sterling Silver,,Sterling Silver anklets,,,,,,
12/13/2024 10:17:42,7/19/2024,1,July,Friday,12,12,0,Handmade / Beaded,beaded bracelets,,,,,,,
12/13/2024 10:19:04,7/19/2024,1,July,Friday,7.5,7.5,0,Handmade / Beaded,Earing Charms,,,,,,,
12/13/2024 10:19:04,7/19/2024,1,July,Friday,7.5,7.5,0,Handmade / Beaded,Earing Charms,,,,,,,
12/13/2024 10:20:44,7/19/2024,1,July,Friday,22,22,0,Gold Plated,,,stud earings,,,,,
12/13/2024 10:21:55,7/19/2024,1,July,Friday,47,47,0,Gold Plated,,,necklaces,Raw Stone,,,Diamond white topaz (april),
12/13/2024 10:22:58,7/19/2024,1,July,Friday,20,20,0,Handmade / Beaded,beaded bracelets,,,brown lava,,,,
12/13/2024 10:24:05,7/20/2024,1,July,Saturday,48,0,48,Sterling Silver,,Sterling Silver Necklaces,,Allah,,,,
12/13/2024 10:25:25,7/20/2024,1,July,Saturday,28,28,0,Gold Plated,,,stud earings,Mohave Stone,,NA,,
12/13/2024 10:26:38,7/20/2024,1,July,Saturday,30,30,0,Sterling Silver,,Sterling Silver Necklaces,,Zirconia,white (diamond),,,
12/13/2024 10:27:37,7/20/2024,1,July,Saturday,30,30,0,Sterling Silver,,Sterling Silver Bracelets,,Flower,,,,
12/13/2024 10:28:59,7/20/2024,1,July,Saturday,36,36,0,Sterling Silver,,Sterling Silver Bracelets,,,,,,
12/13/2024 10:30:23,7/21/2024,1,July,Sunday,30,0,30,Gold Plated,,,dangling earings,Mohave Stone,,NA,,
12/13/2024 10:30:23,7/21/2024,1,July,Sunday,30,30,0,Gold Plated,,,dangling earings,Mohave Stone,,NA,,
12/13/2024 10:31:39,7/21/2024,1,July,Sunday,40,40,0,Sterling Silver,,Sterling Silver Necklaces,,Butterfly,,,,
12/13/2024 10:32:53,7/22/2024,1,July,Monday,49,49,0,Sterling Silver,,Sterling Silver Stud Earings,,,,,,
12/13/2024 10:34:16,7/22/2024,1,July,Monday,30,30,0,Sterling Silver,,Sterling Silver Stud Earings,,Raw Stone,,,Citrine,
12/13/2024 10:36:32,7/23/2024,1,July,Tuesday,30,30,0,Gold Plated,,,dangling earings,Mohave Stone,,Mohave sapphire,,
12/13/2024 10:37:58,7/24/2024,1,July,Wednesday,25,25,0,Gold Plated,,,dangling earings,Mohave Stone,,Mohave emerald,,
12/13/2024 10:38:50,7/24/2024,1,July,Wednesday,50,50,0,Gold Plated,,,necklaces,Mohave Stone,,Mohave emerald,,
12/13/2024 10:42:29,7/25/2024,1,July,Thursday,24,24,0,Gold Plated,,,dangling earings,Mohave Stone,,Mohave amethyst,,
12/13/2024 10:47:27,7/25/2024,1,July,Thursday,40,40,0,Gold Plated,,,bracelets,Mohave Stone,,Mohave amethyst,,
12/13/2024 10:48:34,7/25/2024,1,July,Thursday,22,22,0,Handmade / Beaded,,,bracelets,Raw Stone,,,Jasper,
12/13/2024 10:49:26,7/25/2024,1,July,Thursday,30,30,0,Sterling Silver,,Sterling Silver Bracelets,,,,,,
12/13/2024 10:52:23,7/26/2024,1,July,Friday,36,0,36,Gold Plated,,,necklaces,Raw Stone,,,Peridot (august),
12/13/2024 11:08:07,7/26/2024,1,July,Friday,30,0,30,Gold Plated,,,dangling earings,Mohave Stone,,Mohave white turquoise,,
12/13/2024 11:10:06,7/27/2024,1,July,Saturday,30,30,0,Sterling Silver,,Sterling Silver Rings,,Zirconia,white (diamond),,,
12/13/2024 11:10:55,7/27/2024,1,July,Saturday,20,20,0,Sterling Silver,,Sterling Silver Stud Earings,,Zirconia,white (diamond),,,
12/13/2024 11:12:03,7/27/2024,1,July,Saturday,22,22,0,Handmade / Beaded,beaded bracelets,,,Raw Stone,,,Rose & Hamsa Hand,
12/13/2024 11:13:00,7/27/2024,1,July,Saturday,35,35,0,Gold Plated,,,bracelets,Hamsa Hand,,,,
12/13/2024 11:19:51,7/27/2024,1,July,Saturday,50,50,0,Sterling Silver,,Sterling Silver Necklaces,,silver,,,,
12/13/2024 11:20:43,7/27/2024,1,July,Saturday,45,45,0,Sterling Silver,,Sterling Silver Bracelets,,silver,,,,
12/13/2024 15:54:29,7/29/2024,1,July,Monday,34,34,0,Gold Plated,,,dangling earings,Raw Stone,,,Emerald agate (may),
12/13/2024 15:56:12,7/29/2024,1,July,Monday,45,45,0,Gold Plated,,,rings,Raw Stone,,,Emerald & Pearl,
12/13/2024 15:57:07,7/29/2024,1,July,Monday,45,45,0,Gold Plated,,,necklaces,Raw Stone,,,Amethyst (february),
12/13/2024 15:59:33,7/29/2024,1,July,Monday,36,36,0,Gold Plated,,,stud earings,Raw Stone,,,Amethyst (february),
12/13/2024 16:01:23,7/30/2024,1,July,Tuesday,45,45,0,Sterling Silver,,Sterling Silver Bracelets,,Zirconia,multi-colour,,,
12/13/2024 16:02:41,7/31/2024,1,July,Wednesday,30,30,0,Sterling Silver,,Sterling Silver Bracelets,,,,,,
12/13/2024 16:03:51,7/31/2024,1,July,Wednesday,27,27,0,Gold Plated,,,dangling earings,Mohave Stone,,NA,,
12/13/2024 16:03:51,7/31/2024,1,July,Wednesday,29,29,0,Gold Plated,,,dangling earings,Mohave Stone,,NA,,
12/13/2024 16:04:45,7/31/2024,1,July,Wednesday,30,30,0,Sterling Silver,,Sterling Silver Bracelets,,Evil eye,,,,
12/13/2024 21:58:44,8/1/2024,1,August,Thursday,10,0,10,Handmade / Beaded,beaded bracelets,,,pink lava 4mm,,,,
12/13/2024 22:00:13,8/2/2024,1,August,Friday,45,45,0,Sterling Silver,,Sterling Silver Necklaces,,Zirconia,multi colour,,,
12/13/2024 22:01:19,8/2/2024,1,August,Friday,50,50,0,Sterling Silver,,Sterling Silver Necklaces,,,,,,
12/13/2024 22:02:04,8/2/2024,1,August,Friday,40,40,0,Sterling Silver,,Sterling Silver Bracelets,,,,,,
12/14/2024 8:54:17,8/2/2024,1,August,Friday,45,45,0,Gold Plated,,,bracelets,Raw Stone,,,Opal tourmaline (october),
12/14/2024 8:55:32,8/2/2024,1,August,Friday,10,10,0,Handmade / Beaded,beaded bracelets,,,children,,,,
12/14/2024 8:57:10,8/2/2024,1,August,Friday,30,30,0,Sterling Silver,,Sterling Silver Stud Earings,,,,,,
12/13/2024 22:03:01,8/3/2024,1,August,Saturday,45,45,0,Sterling Silver,,Sterling Silver Bracelets,,Zirconia,Aquamarine,,,
12/14/2024 8:58:06,8/3/2024,1,August,Saturday,36,36,0,Sterling Silver,,Sterling Silver Necklaces,,Daisy,,,,
12/14/2024 8:58:57,8/3/2024,1,August,Saturday,30,30,0,Gold Plated,,,dangling earings,Mohave Stone,,Mohave ruby,,
12/14/2024 9:00:28,8/3/2024,1,August,Saturday,30,30,0,Sterling Silver,,Sterling Silver Stud Earings,,Zirconia,multi colour,,,
12/14/2024 9:01:44,8/5/2024,1,August,Monday,30,30,0,Sterling Silver,,Sterling Silver Stud Earings,,Daisy,,,,
12/14/2024 9:02:47,8/7/2024,1,August,Wednesday,50,50,0,Sterling Silver,,Sterling Silver Necklaces,,AlHamdulillah,,,,
12/14/2024 9:03:52,8/7/2024,1,August,Wednesday,10,10,0,Handmade / Beaded,Earing Charms,,,Butterfly,,,,
12/14/2024 9:04:59,8/9/2024,1,August,Friday,10,10,0,Handmade / Beaded,beaded bracelets,,,multi colour,,,,
12/14/2024 9:06:36,8/9/2024,1,August,Friday,16,16,0,Handmade / Beaded,beaded bracelets,,,Love,,,,
12/14/2024 9:09:15,8/9/2024,1,August,Friday,39,39,0,Gold Plated,,,necklaces,Raw Stone,,,Sapphire (september),
12/15/2024 15:52:09,8/9/2024,1,August,Friday,26,26,0,Gold Plated,,,dangling earings,Mohave Stone,,N/A,,
12/14/2024 9:26:11,8/10/2024,1,August,Saturday,45,45,0,Sterling Silver,,Sterling Silver Rings,,Evil eye,,,,
12/14/2024 9:27:08,8/10/2024,1,August,Saturday,22,22,0,Handmade / Beaded,beaded bracelets,,,Raw Stone,,,Pearl moonstone (june),
12/14/2024 9:29:40,8/11/2024,1,August,Sunday,41,41,0,Sterling Silver,,Sterling Silver Necklaces,,Tree of life,,,,
12/14/2024 9:30:43,8/11/2024,1,August,Sunday,45,45,0,Sterling Silver,,Sterling Silver Bracelets,,Evil eye,,,,
12/14/2024 9:30:43,8/11/2024,1,August,Sunday,45,45,0,Sterling Silver,,Sterling Silver Bracelets,,Evil eye,,,,
12/14/2024 9:31:39,8/11/2024,1,August,Sunday,40,40,0,Sterling Silver,,Sterling Silver Bracelets,,Evil eye,,,,
12/14/2024 9:33:20,8/12/2024,1,August,Monday,22,22,0,Handmade / Beaded,beaded bracelets,,,Raw Stone,,,1 Peridot and 1 moonstone,
12/14/2024 9:33:20,8/12/2024,1,August,Monday,22,22,0,Handmade / Beaded,beaded bracelets,,,Raw Stone,,,1 Peridot and 1 moonstone,
12/17/2024 13:12:45,8/13/2024,1,August,Tuesday,34,34,0,Gold Plated,,,dangling earings,Raw Stone,,,1 Peridot and 2 Ruby,
12/17/2024 13:12:45,8/13/2024,1,August,Tuesday,34,34,0,Gold Plated,,,dangling earings,Raw Stone,,,1 Peridot and 2 Ruby,
12/17/2024 13:12:45,8/13/2024,1,August,Tuesday,34,34,0,Gold Plated,,,dangling earings,Raw Stone,,,1 Peridot and 2 Ruby,
12/17/2024 13:13:47,8/13/2024,1,August,Tuesday,38,38,0,Gold Plated,,,necklaces,Pearl,,,,
12/17/2024 17:46:15,8/13/2024,1,August,Tuesday,71,71,0,Sterling Silver,,SET,,Evil eye,,,,Necklace & Studs
12/18/2024 9:56:36,8/14/2024,1,August,Wednesday,22,22,0,Handmade / Beaded,beaded bracelets,,,Green,,,,
12/18/2024 9:59:01,8/14/2024,1,August,Wednesday,45,45,0,Sterling Silver,,Sterling Silver Rings,,,,,,
12/18/2024 9:59:02,8/14/2024,1,August,Wednesday,45,45,0,Sterling Silver,,Sterling Silver Rings,,,,,,
12/29/2024 12:11:00,8/14/2024,1,September,Saturday,16,16,0,Sterling Silver,,Sterling Silver Stud Earings,,NA,,,,
12/29/2024 14:48:26,8/14/2024,1,August,Wednesday,22,22,0,Handmade / Beaded,beaded bracelets,,,green,,,,
12/29/2024 15:00:34,8/14/2024,2,August,Wednesday,45,45,0,Sterling Silver,,Sterling Silver Rings,,plain,,,,
12/29/2024 15:00:35,8/14/2024,1,August,Wednesday,45,45,0,Sterling Silver,,Sterling Silver Rings,,plain,,,,
12/29/2024 15:00:35,8/14/2024,1,August,Wednesday,45,45,0,Sterling Silver,,Sterling Silver Rings,,plain,,,,
12/18/2024 10:04:33,8/16/2024,1,August,Friday,35,35,0,Sterling Silver,,Sterling Silver Bracelets,,Zirconia,white (diamond),,,
12/29/2024 14:58:23,8/16/2024,1,August,Friday,35,35,0,Sterling Silver,,Sterling Silver Bracelets,,Zirconia,white (diamond),,,
12/18/2024 10:06:39,8/17/2024,1,August,Saturday,40,10,30,Sterling Silver,,Sterling Silver Nose rings,,Infinity,,,,
12/29/2024 14:57:40,8/17/2024,1,August,Saturday,40,10,30,Sterling Silver,,Sterling Silver Nose rings,,infinity,,,,
12/18/2024 10:10:07,8/18/2024,1,August,Sunday,25,25,0,Sterling Silver,,Sterling Silver Rings,,"Heart, adjustable.",,,,
12/29/2024 14:56:43,8/18/2024,1,August,Sunday,25,25,0,Sterling Silver,,Sterling Silver Rings,,heart,,,,
12/18/2024 10:11:26,8/19/2024,1,August,Monday,28,28,0,Sterling Silver,,Sterling Silver Rings,,Raw Stone,,,Turquoise (december),
12/29/2024 14:59:39,8/19/2024,1,August,Monday,28,28,0,Sterling Silver,,Sterling Silver Rings,,Raw Stone,,,Turquoise (december),
12/18/2024 11:30:26,8/21/2024,1,August,Wednesday,69,69,0,Sterling Silver,,SET,,Clover,,,,Necklace & Bracelet
12/18/2024 11:38:20,8/21/2024,1,August,Wednesday,40,40,0,Sterling Silver,,Sterling Silver Necklaces,,Tree of Life,,,,
12/18/2024 11:39:54,8/21/2024,1,August,Wednesday,32,32,0,Sterling Silver,,Sterling Silver anklets,,Tennis White,,,,
12/18/2024 11:43:46,8/21/2024,1,August,Wednesday,30,30,0,Sterling Silver,,Sterling Silver Bracelets,,Evil eye,,,,
12/18/2024 11:48:16,8/22/2024,1,August,Thursday,45,45,0,Sterling Silver,,Sterling Silver Rings,,,,,,
12/18/2024 11:49:58,8/22/2024,1,August,Thursday,48,48,0,Sterling Silver,,Sterling Silver Rings,,,,,,
12/18/2024 11:51:21,8/22/2024,1,August,Wednesday,25,20,5,Sterling Silver,,Sterling Silver Stud Earings,,Zirconia,white (diamond),,,
12/22/2024 17:21:31,8/22/2024,1,August,Wednesday,94,94,0,Sterling Silver,,SET,,N/A,,,,Necklace & Bracelet & Studs
12/18/2024 11:54:45,8/23/2024,1,August,Friday,60,60,0,Gold Plated,,,stud earings,Raw Stone,,,Pearl moonstone (june),
12/18/2024 11:56:04,8/23/2024,1,August,Friday,22,22,0,Handmade / Beaded,beaded bracelets,,,Lava,,,,
12/18/2024 11:57:30,8/23/2024,1,August,Friday,10,10,0,Handmade / Beaded,beaded bracelets,,,Blue with Eye,,,,
12/29/2024 14:44:15,8/23/2024,1,August,Friday,22,22,0,Handmade / Beaded,beaded bracelets,,,Lava,,,,
12/29/2024 14:50:41,8/23/2024,1,August,Friday,10,10,0,Handmade / Beaded,beaded bracelets,,,blue with eye,,,,
12/18/2024 12:39:31,8/26/2024,1,August,Monday,30,30,0,Gold Plated,,,stud earings,Pink,,,,
12/18/2024 12:53:28,8/28/2024,1,August,Wednesday,7.5,0,7.5,Handmade / Beaded,Earing Charms,,,,,,,
12/18/2024 12:53:28,8/28/2024,1,August,Wednesday,7.5,0,7.5,Handmade / Beaded,Earing Charms,,,,,,,
12/18/2024 12:53:28,8/28/2024,2,August,Wednesday,7.5,0,7.5,Handmade / Beaded,Earing Charms,,,,,,,
12/18/2024 12:54:52,8/28/2024,1,August,Wednesday,10,0,10,Handmade / Beaded,beaded bracelets,,,,,,,
12/18/2024 12:57:17,8/28/2024,1,August,Wednesday,38,38,0,Sterling Silver,,Sterling Silver Bracelets,,Zirconia,white (diamond),,,
12/18/2024 12:58:43,8/28/2024,1,August,Wednesday,10,10,0,Handmade / Beaded,Earing Charms,,,Butterfly,,,,
12/29/2024 14:45:29,8/28/2024,1,August,Wednesday,10,10,0,Handmade / Beaded,Earing Charms,,,butterfly,,,,
12/29/2024 14:51:44,8/28/2024,1,August,Wednesday,7.5,0,7.5,Handmade / Beaded,Earing Charms,,,n/a,,,,
12/29/2024 14:53:41,8/28/2024,1,August,Wednesday,10,0,10,Handmade / Beaded,beaded bracelets,,,n/a,,,,
12/29/2024 15:01:23,8/28/2024,1,August,Wednesday,38,38,0,Sterling Silver,,Sterling Silver Bracelets,,Zirconia,white (diamond),,,
12/29/2024 14:51:44,8/28/2024,1,August,Wednesday,7.5,0,7.5,Handmade / Beaded,Earing Charms,,,n/a,,,,
12/18/2024 13:00:09,8/29/2024,1,August,Thursday,20,20,0,Handmade / Beaded,beaded bracelets,,,Raw Stone,,,Obsidian ,
12/29/2024 14:54:34,8/29/2024,1,August,Thursday,20,20,0,Handmade / Beaded,beaded bracelets,,,Raw Stone,,,obsidian,
12/18/2024 13:01:57,8/30/2024,1,August,Friday,22,22,0,Handmade / Beaded,beaded bracelets,,,Turkish,,,,
12/29/2024 14:49:28,8/30/2024,1,August,Friday,22,22,0,Handmade / Beaded,beaded bracelets,,,turkish,,,,
12/19/2024 15:14:07,8/31/2024,1,August,Saturday,40,40,0,Sterling Silver,,Sterling Silver Bracelets,,Orbit,,,,
12/19/2024 15:14:59,8/31/2024,1,August,Saturday,30,30,0,Sterling Silver,,Sterling Silver Stud Earings,,Circle,,,,
12/19/2024 15:16:09,8/31/2024,1,August,Saturday,100,100,0,Sterling Silver,,SET,,,,,,Necklace & Ring
12/19/2024 15:28:52,8/31/2024,1,August,Saturday,30,30,0,Sterling Silver,,Sterling Silver Rings,,,,,,
12/19/2024 15:40:11,8/31/2024,1,August,Saturday,40,40,0,Gold Plated,,,rings,Raw Stone,,,Amethyst (february),
12/19/2024 15:27:56,9/1/2024,1,September,Sunday,45,45,0,Gold Plated,,,necklaces,Mohave Stone,,Mohave emerald,,
12/19/2024 16:00:16,9/2/2024,1,September,Monday,20,20,0,Handmade / Beaded,beaded bracelets,,,,,,,
12/19/2024 16:39:02,9/4/2024,1,September,Wednesday,50,50,0,Sterling Silver,,Sterling Silver Rings,,Evil eye,,,,
12/19/2024 16:39:56,9/4/2024,1,September,Wednesday,28,28,0,Sterling Silver,,Sterling Silver Stud Earings,,Evil eye,,,,
12/19/2024 16:41:30,9/6/2024,1,September,Friday,130,130,0,Sterling Silver,,Sterling Silver Bangles,,Zirconia,white (diamond),,,
12/19/2024 16:43:06,9/6/2024,1,September,Friday,7.5,7.5,0,Handmade / Beaded,Earing Charms,,,dog & white heart,,,,
12/19/2024 16:43:07,9/6/2024,1,September,Friday,7.5,7.5,0,Handmade / Beaded,Earing Charms,,,dog & white heart,,,,
12/19/2024 18:43:17,9/7/2024,1,September,Saturday,12,12,0,Sterling Silver,,Sterling Silver Nose rings,,Zirconia,white (diamond),,,
12/19/2024 18:44:17,9/7/2024,1,September,Saturday,7.5,7.5,0,Handmade / Beaded,Earing Charms,,,,,,,
12/19/2024 18:44:17,9/7/2024,1,September,Saturday,7.5,7.5,0,Handmade / Beaded,Earing Charms,,,,,,,
12/19/2024 18:44:17,9/7/2024,2,September,Saturday,7.5,7.5,0,Handmade / Beaded,Earing Charms,,,,,,,
12/29/2024 11:49:30,9/8/2024,1,September,Sunday,30,30,0,Sterling Silver,,Sterling Silver Bracelets,,small star,,,,
12/29/2024 11:50:21,9/8/2024,1,September,Sunday,45,45,0,Sterling Silver,,Sterling Silver Rings,,star,,,,
12/29/2024 11:51:11,9/8/2024,1,September,Sunday,10,10,0,Handmade / Beaded,beaded bracelets,,,kids,,,,
12/29/2024 11:53:17,9/8/2024,1,September,Sunday,20,0,20,Gold Plated,,,necklace chain,chain,,,,
12/29/2024 11:54:08,9/8/2024,1,September,Sunday,7.5,7.5,0,Handmade / Beaded,Earing Charms,,,bear & rabbit,,,,
12/29/2024 11:54:57,9/8/2024,1,September,Sunday,43,43,0,Sterling Silver,,Sterling Silver Bracelets,,Evil eye,,,,
12/29/2024 11:54:09,9/8/2024,1,September,Sunday,7.5,7.5,0,Handmade / Beaded,Earing Charms,,,bear & rabbit,,,,
12/29/2024 11:57:05,9/9/2024,1,September,Monday,79,79,0,Gold Plated,,,SET,Evil eye,,,,Necklace & Studs
12/29/2024 11:57:57,9/9/2024,1,September,Monday,35,0,35,Sterling Silver,,Sterling Silver Bracelets,,Evil eye,,,,
12/29/2024 11:59:14,9/9/2024,1,September,Monday,10,0,10,Handmade / Beaded,beaded necklaces,,,hamsa hand,,,,
12/29/2024 12:00:11,9/9/2024,1,September,Monday,30,30,0,Sterling Silver,,Sterling Silver Stud Earings,,flower,,,,
12/29/2024 12:01:22,9/9/2024,1,September,Monday,35,35,0,Gold Plated,,,rings,moon & star,,,,
12/29/2024 12:03:35,9/9/2024,1,September,Monday,30,30,0,Sterling Silver,,Sterling Silver Bracelets,,clover,,,,
12/29/2024 12:05:00,9/10/2024,1,September,Tuesday,28,28,0,Gold Plated,,,stud earings,Raw Stone,,,Peridot (august),
12/29/2024 12:06:09,9/10/2024,1,September,Tuesday,28,28,0,Gold Plated,,,dangling earings,Raw Stone,,,Peridot (august),
12/29/2024 12:07:13,9/11/2024,1,September,Wednesday,38,38,0,Sterling Silver,,Sterling Silver anklets,,star,,,,
12/29/2024 12:09:17,9/13/2024,1,September,Friday,30,30,0,Gold Plated,,,cufflinks,Mohave Stone,,Mohave emerald,,
12/29/2024 12:12:53,9/14/2024,1,September,Saturday,30,30,0,Sterling Silver,,Sterling Silver Stud Earings,,Zirconia,multi-colour,,,
12/29/2024 12:14:28,9/15/2024,1,September,Sunday,45,45,0,Gold Plated,,,bracelets,Raw Stone,,,Turquoise (december),
12/29/2024 12:15:37,9/15/2024,1,September,Sunday,48,48,0,Sterling Silver,,Sterling Silver Bangles,,daisy,,,,
12/29/2024 12:16:37,9/15/2024,1,September,Sunday,36,36,0,Sterling Silver,,Sterling Silver Rings,,daisy,,,,
12/29/2024 12:19:58,9/16/2024,1,September,Monday,45,45,0,Gold Plated,,,rings,sapphire & citrine,,,,
12/29/2024 12:21:25,9/16/2024,1,September,Monday,78,78,0,Gold Plated,,,SET,Raw Stone,,,Sapphire (september),Necklace & Earrings
12/29/2024 12:23:04,9/17/2024,1,September,Tuesday,18,18,0,Sterling Silver,,Sterling Silver Stud Earings,,Zirconia,white (diamond),,,
12/29/2024 12:28:04,9/17/2024,1,September,Tuesday,87,87,0,Gold Plated,,,SET,Raw Stone,,,Opal tourmaline (october),Necklace & Bracelet
12/29/2024 12:29:22,9/17/2024,1,September,Tuesday,40,40,0,Gold Plated,,,rings,Raw Stone,,,Ruby (july),
12/23/2024 18:38:26,9/19/2024,1,September,Thursday,36,36,0,Sterling Silver,,Sterling Silver Rings,,NA,,,,
12/23/2024 18:39:43,9/19/2024,1,September,Thursday,22,22,0,Handmade / Beaded,beaded bracelets,,,Zirconia,NA,,,
12/23/2024 18:40:28,9/19/2024,1,September,Thursday,35,35,0,Sterling Silver,,Sterling Silver Bracelets,,Evil eye,,,,
12/29/2024 12:32:46,9/20/2024,1,September,Friday,20,20,0,Sterling Silver,,Sterling Silver Stud Earings,,black,,,,
12/29/2024 12:33:54,9/20/2024,1,September,Friday,45,45,0,Gold Plated,,,necklaces,Raw Stone,,,Emerald agate (may),
12/29/2024 12:35:29,9/20/2024,1,September,Friday,9.5,8,1.5,Handmade / Beaded,beaded bracelets,,,kids,,,,
12/29/2024 12:35:29,9/20/2024,1,September,Friday,9.5,8,1.5,Handmade / Beaded,beaded bracelets,,,kids,,,,
12/23/2024 18:28:22,9/21/2024,1,September,Saturday,30,30,0,Sterling Silver,,Sterling Silver Bracelets,,Zirconia,na,,,
12/23/2024 18:29:38,9/21/2024,1,September,Saturday,35,35,0,Sterling Silver,,Sterling Silver Stud Earings,,Raw Stone,,,Amethyst (february),
12/23/2024 18:30:32,9/21/2024,1,September,Saturday,35,35,0,Sterling Silver,,Sterling Silver Rings,,NA,,,,
12/23/2024 18:32:07,9/21/2024,1,September,Saturday,33,33,0,Gold Plated,,,stud earings,Raw Stone,,,Pearl moonstone (june),
12/23/2024 18:33:50,9/21/2024,1,September,Saturday,25.33,0,25.33,Gold Plated,,,stud earings,Mohave Stone,,Mix,,
12/23/2024 18:33:50,9/21/2024,1,September,Saturday,25.33,0,25.33,Gold Plated,,,stud earings,Mohave Stone,,Mix,,
12/23/2024 18:33:50,9/21/2024,1,September,Saturday,25.33,0,25.33,Gold Plated,,,stud earings,Mohave Stone,,Mix,,
12/23/2024 18:33:50,9/21/2024,1,September,Saturday,25.33,0,25.33,Gold Plated,,,stud earings,Mohave Stone,,Mix,,
12/23/2024 18:33:50,9/21/2024,1,September,Saturday,25.33,0,25.33,Gold Plated,,,stud earings,Mohave Stone,,Mix,,
12/23/2024 18:33:50,9/21/2024,1,September,Saturday,25.33,0,25.33,Gold Plated,,,stud earings,Mohave Stone,,Mix,,
12/23/2024 18:33:50,9/21/2024,1,September,Saturday,25.33,0,25.33,Gold Plated,,,stud earings,Mohave Stone,,Mix,,
12/23/2024 18:33:50,9/21/2024,1,September,Saturday,25.33,0,25.33,Gold Plated,,,stud earings,Mohave Stone,,Mix,,
12/23/2024 18:33:50,9/21/2024,1,September,Saturday,25.33,0,25.33,Gold Plated,,,stud earings,Mohave Stone,,Mix,,
12/23/2024 18:33:50,9/21/2024,1,September,Saturday,25.33,0,25.33,Gold Plated,,,stud earings,Mohave Stone,,Mix,,
12/23/2024 18:33:50,9/21/2024,1,September,Saturday,25.33,0,25.33,Gold Plated,,,stud earings,Mohave Stone,,Mix,,
12/23/2024 18:33:50,9/21/2024,1,September,Saturday,25.33,0,25.33,Gold Plated,,,stud earings,Mohave Stone,,Mix,,
12/23/2024 18:33:50,9/21/2024,1,September,Saturday,25.33,0,25.33,Gold Plated,,,stud earings,Mohave Stone,,Mix,,
12/23/2024 18:33:50,9/21/2024,1,September,Saturday,25.33,0,25.33,Gold Plated,,,stud earings,Mohave Stone,,Mix,,
12/23/2024 18:33:50,9/21/2024,1,September,Saturday,25.33,0,25.33,Gold Plated,,,stud earings,Mohave Stone,,Mix,,
12/23/2024 18:35:11,9/21/2024,1,September,Saturday,10,10,0,Handmade / Beaded,beaded bracelets,,,NA,,,,
12/23/2024 18:36:01,9/21/2024,1,September,Saturday,30,30,0,Sterling Silver,,Sterling Silver Bracelets,,Evil eye,,,,
12/23/2024 18:37:03,9/21/2024,1,September,Saturday,70,70,0,Sterling Silver,,SET,,Evil eye,,,,Necklace & Studs
12/29/2024 12:36:44,9/21/2024,1,September,Saturday,30,30,0,Sterling Silver,,Sterling Silver Bracelets,,Zirconia,white (diamond),,,
12/29/2024 12:38:11,9/21/2024,1,September,Saturday,30,30,0,Sterling Silver,,Sterling Silver Stud Earings,,daisy,,,,
12/29/2024 12:39:57,9/21/2024,1,September,Saturday,35,35,0,Sterling Silver,,Sterling Silver Rings,,was for Karim,,,,
12/29/2024 12:43:12,9/22/2024,1,September,Sunday,11,0,11,Sterling Silver,,Sterling Silver Nose rings,,flower,,,,
12/29/2024 12:45:12,9/22/2024,1,September,Sunday,30,0,30,Sterling Silver,,Sterling Silver Necklaces,,Zirconia,emerald,,,
12/29/2024 12:46:36,9/22/2024,1,September,Sunday,36,6,30,Gold Plated,,,bracelets,Evil eye,,,,
12/29/2024 12:49:33,9/23/2024,1,September,Monday,18,0,18,Sterling Silver,,Sterling Silver Stud Earings,,na,,,,
12/29/2024 12:48:12,9/23/2024,1,September,Monday,9,0,9,Sterling Silver,,Sterling Silver Nose rings,,na,,,,
12/29/2024 12:48:12,9/23/2024,1,September,Monday,9,0,9,Sterling Silver,,Sterling Silver Nose rings,,na,,,,
12/29/2024 12:48:12,9/23/2024,1,September,Monday,9,0,9,Sterling Silver,,Sterling Silver Nose rings,,na,,,,
12/23/2024 18:19:41,10/26/2024,1,October,Saturday,36,0,36,Sterling Silver,,Sterling Silver Bracelets,,Evil eye,,,,
12/23/2024 18:20:29,10/26/2024,1,October,Saturday,45,0,45,Sterling Silver,,Sterling Silver Bracelets,,Evil eye,,,,
12/23/2024 18:21:15,10/26/2024,1,October,Saturday,45,0,45,Sterling Silver,,Sterling Silver Rings,,Evil eye,,,,
12/23/2024 18:22:20,10/26/2024,1,October,Saturday,38,38,0,Sterling Silver,,Sterling Silver Bracelets,,Zirconia,light blue,,,
12/23/2024 18:23:09,10/26/2024,1,October,Saturday,30,30,0,Sterling Silver,,Sterling Silver Necklaces,,Zirconia,light blue,,,
12/23/2024 18:24:48,10/26/2024,1,October,Saturday,77,77,0,Sterling Silver,,SET,,Zirconia,emerald,,,Bracelet & Studs
12/23/2024 18:25:54,10/26/2024,1,October,Saturday,10,10,0,Handmade / Beaded,Earing Charms,,,NA,,,,
12/23/2024 18:18:26,11/2/2024,1,November,Saturday,40,40,0,Sterling Silver,,Sterling Silver Bracelets,,NA,,,,
12/23/2024 18:11:36,11/23/2024,1,November,Saturday,30,30,0,Sterling Silver,,Sterling Silver Stud Earings,,Zirconia,white (diamond),,,
12/1/2024 21:26:46,12/1/2024,1,December,Sunday,36,36,0,Sterling Silver,,Sterling Silver Necklaces,,clover white ,,,,
12/1/2024 21:29:21,12/1/2024,1,December,Sunday,30,30,0,Sterling Silver,,Sterling Silver Bracelets,,clover white ,,,,
12/1/2024 21:30:24,12/1/2024,1,December,Sunday,10,10,0,Handmade / Beaded,beaded bracelets,,,fish eye,,,,
12/1/2024 21:31:59,12/1/2024,1,December,Sunday,12,0,12,Sterling Silver,,Sterling Silver Nose rings,,Zirconia,pink,,,
12/1/2024 21:32:55,12/1/2024,1,December,Sunday,10,0,10,Sterling Silver,,Sterling Silver Nose rings,,Zirconia,white (diamond),,,
12/3/2024 11:01:34,12/3/2024,1,December,Tuesday,43,43,0,Sterling Silver,,Sterling Silver Necklaces,,Clover black,,,,
12/3/2024 13:40:58,12/3/2024,1,December,Tuesday,40,40,0,Sterling Silver,,Sterling Silver Stud Earings,,Zirconia flower with long tail,,,,
12/3/2024 13:42:52,12/3/2024,1,December,Tuesday,28.5,28.5,0,Sterling Silver,,Sterling Silver Necklaces,,Evil eye,,,,
12/3/2024 14:19:02,12/3/2024,1,December,Tuesday,55,55,0,Handmade / Beaded,beaded necklaces,,,Handmade blue heart bead,,,,
12/3/2024 23:58:39,12/3/2024,1,December,Tuesday,12,12,0,Handmade / Beaded,beaded bracelets,,,Customised,,,,
12/4/2024 15:28:03,12/4/2024,1,December,Wednesday,15,15,0,Handmade / Beaded,Earing Charms,,,,,,,
12/4/2024 15:29:07,12/4/2024,1,December,Wednesday,15,15,0,Handmade / Beaded,Earing Charms,,,,,,,
12/5/2024 22:18:40,12/5/2024,1,December,Thursday,22,22,0,Handmade / Beaded,beaded bracelets,,,Onyx,,,,
12/5/2024 22:20:07,12/5/2024,1,December,Thursday,40,0,40,Gold Plated,,,rings,Blue opal double ,,,,
12/5/2024 22:21:33,12/5/2024,1,December,Thursday,55,55,0,Sterling Silver,,Sterling Silver Necklaces,,Men style,,,,
12/5/2024 22:22:33,12/5/2024,1,December,Thursday,15,15,0,Handmade / Beaded,Earing Charms,,,,,,,
12/5/2024 22:23:56,12/5/2024,1,December,Thursday,15,0,15,Handmade / Beaded,Earing Charms,,,,,,,
12/5/2024 22:26:55,12/5/2024,1,December,Thursday,35,35,0,Sterling Silver,,Sterling Silver Stud Earings,,Evil eye,,,,
12/5/2024 22:28:04,12/5/2024,1,December,Thursday,35,35,0,Sterling Silver,,Sterling Silver Stud Earings,,Zirconia,white (diamond),,,
12/5/2024 22:28:47,12/5/2024,1,December,Thursday,40,40,0,Sterling Silver,,Sterling Silver Necklaces,,Tree of life,,,,
12/9/2024 23:17:24,12/5/2024,1,December,Thursday,25,0,25,Gold Plated,,,dangling earings,Mohave Stone,,Mohave sapphire,,
12/9/2024 23:17:24,12/5/2024,1,December,Thursday,25,0,25,Gold Plated,,,dangling earings,Mohave Stone,,Mohave sapphire,,
12/9/2024 23:17:24,12/5/2024,1,December,Thursday,25,0,25,Gold Plated,,,dangling earings,Mohave Stone,,Mohave sapphire,,
12/9/2024 23:17:24,12/5/2024,1,December,Thursday,25,0,25,Gold Plated,,,dangling earings,Mohave Stone,,Mohave sapphire,,
12/9/2024 23:17:24,12/5/2024,1,December,Thursday,25,0,25,Gold Plated,,,dangling earings,Mohave Stone,,Mohave sapphire,,
12/6/2024 15:56:21,12/6/2024,1,December,Friday,12,12,0,Handmade / Beaded,beaded bracelets,,,Evil eye,,,,
12/6/2024 17:12:41,12/6/2024,1,December,Friday,36,36,0,Sterling Silver,,Sterling Silver anklets,,Zirconia,pink,,,
12/9/2024 23:18:40,12/6/2024,1,December,Friday,25,25,0,Handmade / Beaded,beaded bracelets,,,Evil eye,,,,
1/1/2025 17:47:59,12/6/2024,1,December,Friday,30,30,0,Sterling Silver,,Sterling Silver Bracelets,,hamza hand,,,,
1/1/2025 17:49:05,12/6/2024,1,December,Friday,32,32,0,Gold Plated,,,stud earings,Raw Stone,,,Pearl moonstone (june),
12/7/2024 12:14:55,12/7/2024,1,December,Saturday,30,0,30,Sterling Silver,,Sterling Silver Bracelets,,Evil eye,,,,
12/7/2024 14:18:30,12/7/2024,1,December,Saturday,38,38,0,Gold Plated,,,necklaces,Raw Stone,,,Turquoise (december),
12/7/2024 14:19:28,12/7/2024,1,December,Saturday,45,45,0,Gold Plated,,,bracelets,Raw Stone,,,Turquoise (december),
12/8/2024 14:08:31,12/8/2024,1,December,Sunday,24,24,0,Handmade / Beaded,beaded bracelets,,,Citrine and lava ( men),,,,
12/8/2024 15:02:33,12/8/2024,1,December,Sunday,35,15,20,Gold Plated,,,rings,Moon stone,,,,
12/8/2024 15:47:39,12/8/2024,1,December,Sunday,75,0,75,Sterling Silver,,Sterling Silver Bangles,,Zirconia,white (diamond),,,
12/8/2024 15:48:28,12/8/2024,1,December,Sunday,30,30,0,Sterling Silver,,Sterling Silver Bracelets,,Evil eye,,,,
12/8/2024 17:06:33,12/8/2024,1,December,Sunday,40,0,40,Sterling Silver,,Sterling Silver Necklaces,,Evil eye,,,,
12/11/2024 9:55:25,12/9/2024,1,December,Monday,40,0,40,Sterling Silver,,Sterling Silver Bracelets,,Evil eye,,,,
12/11/2024 9:56:34,12/9/2024,1,December,Monday,30,0,30,Sterling Silver,,Sterling Silver Stud Earings,,Evil eye,,,,
12/11/2024 9:59:23,12/9/2024,1,December,Monday,45,0,45,Sterling Silver,,Sterling Silver Rings,,Evil eye,,,,
12/11/2024 10:00:54,12/9/2024,1,December,Monday,40,0,40,Sterling Silver,,Sterling Silver Necklaces,,Crescent & small star,,,,
12/11/2024 14:12:54,12/9/2024,1,December,Monday,10,0,10,Handmade / Beaded,beaded bracelets,,,small pink,,,,
12/11/2024 10:02:09,12/10/2024,1,December,Tuesday,30,30,0,Sterling Silver,,Sterling Silver Rings,,Zirconia,light blue,,,
12/11/2024 10:03:49,12/10/2024,1,December,Tuesday,30,0,30,Sterling Silver,,Sterling Silver Rings,,Daisy,,,,
12/11/2024 12:19:35,12/11/2024,1,December,Wednesday,7.5,7.5,0,Handmade / Beaded,Earing Charms,,,Hamsa Hand & Penguin,,,,
12/11/2024 12:19:36,12/11/2024,1,December,Wednesday,7.5,7.5,0,Handmade / Beaded,Earing Charms,,,Hamsa Hand & Penguin,,,,
12/11/2024 12:21:15,12/11/2024,1,December,Wednesday,31,31,0,Sterling Silver,,Sterling Silver Necklaces,,Evil eye,,,,
12/11/2024 12:22:02,12/11/2024,1,December,Wednesday,30,30,0,Sterling Silver,,Sterling Silver Stud Earings,,Evil eye,,,,
12/11/2024 12:22:57,12/11/2024,1,December,Wednesday,29,29,0,Gold Plated,,,stud earings,Mohave Stone,,Mohave turquoise,,
12/11/2024 17:28:11,12/11/2024,1,December,Wednesday,30,30,0,Sterling Silver,,Sterling Silver Bracelets,,Evil eye,,,,
12/12/2024 9:18:17,12/12/2024,1,December,Thursday,7.5,7.5,0,Handmade / Beaded,Earing Charms,,,Evil eye,,,,
12/12/2024 9:18:17,12/12/2024,1,December,Thursday,7.5,7.5,0,Handmade / Beaded,Earing Charms,,,Evil eye,,,,
12/12/2024 10:50:07,12/12/2024,1,December,Thursday,17,17,0,Handmade / Beaded,Key Chains,,,Grateful,,,,
12/12/2024 10:51:53,12/12/2024,1,December,Thursday,17,17,0,Handmade / Beaded,BookMarks,,,Keep Smiling,,,,
12/12/2024 12:17:48,12/12/2024,1,December,Thursday,45,45,0,Gold Plated,,,necklaces,Mohave Stone,,Mohave emerald,,
12/12/2024 12:18:34,12/12/2024,1,December,Thursday,45,45,0,Gold Plated,,,bracelets,Mohave Stone,,Mohave emerald,,
12/12/2024 12:19:26,12/12/2024,1,December,Thursday,70,70,0,Gold Plated,,,stud earings,Pearl,,,,
12/12/2024 12:20:15,12/12/2024,1,December,Thursday,45,45,0,Gold Plated,,,stud earings,Mohave Stone,,Mohave sapphire,,
12/12/2024 12:53:57,12/12/2024,1,December,Thursday,34,34,0,Gold Plated,,,dangling earings,Mohave Stone,,Purple Copper Turquoise,,
12/12/2024 15:14:50,12/12/2024,1,December,Thursday,45,45,0,Sterling Silver,,Sterling Silver Bracelets,,Angel ,,,,
12/12/2024 15:15:57,12/12/2024,1,December,Thursday,30,30,0,Sterling Silver,,Sterling Silver Bracelets,,Zirconia,white (diamond),,,
12/13/2024 17:02:57,12/13/2024,1,December,Friday,30,30,0,Sterling Silver,,Sterling Silver Stud Earings,,Clover white,,,,
12/13/2024 17:45:23,12/13/2024,1,December,Friday,40,40,0,Sterling Silver,,Sterling Silver Necklaces,,Evil eye,,,,
12/13/2024 17:46:09,12/13/2024,1,December,Friday,30,30,0,Gold Plated,,,dangling earings,Mohave Stone,,Mohave sapphire,,
12/14/2024 9:45:29,12/14/2024,1,December,Saturday,45,45,0,Gold Plated,,,rings,Gold plated  handmade ,,,,
12/14/2024 10:07:48,12/14/2024,1,December,Saturday,30,30,0,Sterling Silver,,Sterling Silver Bracelets,,Cloverleaf ,,,,
12/14/2024 10:41:58,12/14/2024,1,December,Saturday,109,85,24,Sterling Silver,,Sterling Silver Rings,,Agate stone ,,,,
12/14/2024 15:42:12,12/14/2024,1,December,Saturday,45,45,0,Sterling Silver,,Sterling Silver Bracelets,,3 Clover bracelet,,,,
12/14/2024 15:43:38,12/14/2024,1,December,Saturday,45,45,0,Sterling Silver,,Sterling Silver Necklaces,,1 clover,,,,
12/14/2024 16:02:12,12/14/2024,1,December,Saturday,36,36,0,Gold Plated,,,bracelets,Evil eye,,,,
12/15/2024 11:23:46,12/15/2024,1,December,Sunday,28,28,0,Sterling Silver,,Sterling Silver Bracelets,,Zirconia,Light yellow,,,
12/15/2024 12:11:23,12/15/2024,1,December,Sunday,10,0,10,Handmade / Beaded,Earing Charms,,,Rose quartz ,,,,
12/15/2024 15:08:33,12/15/2024,1,December,Sunday,40,40,0,Sterling Silver,,Sterling Silver Necklaces,,Evil eye,,,,
12/15/2024 16:17:51,12/15/2024,1,December,Sunday,17,17,0,Sterling Silver,,Sterling Silver Stud Earings,,kids earrings ,,,,
12/15/2024 16:17:51,12/15/2024,1,December,Sunday,17,17,0,Sterling Silver,,Sterling Silver Stud Earings,,kids earrings ,,,,
12/16/2024 18:02:51,12/16/2024,1,December,Monday,40,40,0,Gold Plated,,,necklaces,Raw Stone,,,Opal tourmaline (october),
12/16/2024 18:04:38,12/16/2024,1,December,Monday,7.5,7.5,0,Handmade / Beaded,Earing Charms,,,Daisy,,,,
12/16/2024 18:04:38,12/16/2024,1,December,Monday,7.5,7.5,0,Handmade / Beaded,Earing Charms,,,Daisy,,,,
12/16/2024 18:05:31,12/16/2024,1,December,Monday,30,30,0,Sterling Silver,,Sterling Silver Rings,,Zirconia,white (diamond),,,
12/17/2024 11:32:37,12/17/2024,1,December,Tuesday,48,48,0,Sterling Silver,,Sterling Silver Necklaces,,Palestine pendant ,,,,
12/17/2024 12:01:01,12/17/2024,1,December,Tuesday,10,0,10,Handmade / Beaded,Earing Charms,,,Christmas Gloves,,,,
12/17/2024 12:18:22,12/17/2024,1,December,Tuesday,36,0,36,Gold Plated,,,necklaces,Raw Stone,,,Pearl moonstone (june),
12/17/2024 14:16:22,12/17/2024,1,December,Tuesday,45,45,0,Gold Plated,,,necklaces,Amazonite ,,,,
12/17/2024 14:27:33,12/17/2024,1,December,Tuesday,40,40,0,Gold Plated,,,rings,Snake and ruby,,,,
12/17/2024 14:51:54,12/17/2024,1,December,Tuesday,45,45,0,Gold Plated,,,bracelets,Raw Stone,,,Amethyst (february),
12/18/2024 12:37:02,12/18/2024,1,December,Wednesday,45,0,45,Sterling Silver,,Sterling Silver Bracelets,,3 white clover,,,,
12/18/2024 14:49:29,12/18/2024,1,December,Wednesday,50,0,50,Sterling Silver,,Sterling Silver Rings,,Zirconia,pink,,,
12/18/2024 14:50:46,12/18/2024,1,December,Wednesday,50,0,50,Sterling Silver,,Sterling Silver Rings,,Zirconia,white (diamond),,,
12/18/2024 14:52:14,12/18/2024,1,December,Wednesday,30,0,30,Sterling Silver,,Sterling Silver Bracelets,,Zirconia,white (diamond),,,
12/18/2024 15:35:19,12/18/2024,1,December,Wednesday,20,0,20,Handmade / Beaded,beaded bracelets,,,Rose quartz and evil eye,,,,
12/18/2024 18:07:54,12/18/2024,1,December,Wednesday,25,25,0,Gold Plated,,,stud earings,Mohave Stone,,Mohave emerald,,
12/18/2024 18:09:40,12/18/2024,1,December,Wednesday,20,20,0,Sterling Silver,,Sterling Silver Stud Earings,,Small heart ,,,,
12/18/2024 18:11:41,12/18/2024,1,December,Wednesday,60,60,0,Gold Plated,,,SET,Sapphire raw stone,,,,Necklace & Earrings
12/18/2024 18:27:21,12/18/2024,1,December,Wednesday,45,45,0,Gold Plated,,,bracelets,Raw Stone,,,Amethyst (february),
12/18/2024 18:28:51,12/18/2024,1,December,Wednesday,12,12,0,Sterling Silver,,Sterling Silver Nose rings,,Nose ring,,,,
12/18/2024 18:56:33,12/18/2024,1,December,Wednesday,12,12,0,Sterling Silver,,Sterling Silver Nose rings,,Nose ring white small flower,,,,
12/19/2024 11:06:58,12/19/2024,1,December,Thursday,30,0,30,Sterling Silver,,Sterling Silver Bracelets,,Evil eye,,,,
12/19/2024 11:08:05,12/19/2024,1,December,Thursday,17,0,17,Handmade / Beaded,beaded bracelets,,,Customize with name ,,,,
12/19/2024 13:29:05,12/19/2024,1,December,Thursday,7.5,7.5,0,Handmade / Beaded,Earing Charms,,,Evil eye and round zirconia ,,,,
12/19/2024 13:29:05,12/19/2024,1,December,Thursday,7.5,7.5,0,Handmade / Beaded,Earing Charms,,,Evil eye and round zirconia ,,,,
12/19/2024 16:01:28,12/19/2024,1,December,Thursday,35,35,0,Sterling Silver,,Sterling Silver Stud Earings,,Infinity,,,,
12/19/2024 17:37:24,12/19/2024,1,December,Thursday,20,20,0,Sterling Silver,,Sterling Silver Stud Earings,,Zirconia,white (diamond),,,
12/19/2024 18:02:52,12/19/2024,1,December,Thursday,50,50,0,Sterling Silver,,Sterling Silver Necklaces,,Evil eye,,,,
12/19/2024 18:30:37,12/19/2024,1,December,Thursday,60,40,20,Sterling Silver,,Sterling Silver Rings,,Zirconia,white (diamond),,,
12/20/2024 10:22:58,12/20/2024,1,December,Friday,35,35,0,Sterling Silver,,Sterling Silver Bracelets,,Clover white,,,,
12/20/2024 11:44:57,12/20/2024,1,December,Friday,10,0,10,Sterling Silver,,Sterling Silver Nose rings,,Plain ,,,,
12/20/2024 16:01:59,12/20/2024,1,December,Friday,35,0,35,Gold Plated,,,rings,Rose quartz ring,,,,
12/20/2024 22:52:04,12/20/2024,1,December,Friday,50,50,0,Sterling Silver,,Sterling Silver Necklaces,,Love of my Life (arabic),,,,
12/21/2024 11:23:34,12/21/2024,1,December,Saturday,48,48,0,Sterling Silver,,Sterling Silver Rings,,Man rings,,,,
12/21/2024 11:40:48,12/21/2024,1,December,Saturday,10,10,0,Handmade / Beaded,beaded bracelets,,,Evil eye,,,,
12/21/2024 13:11:05,12/21/2024,1,December,Saturday,45,45,0,Sterling Silver,,Sterling Silver Necklaces,,ELEGANT STERLING SILVER KEFFIYEH-IN-SPIRED NECKLACE,,,,
12/21/2024 16:50:02,12/21/2024,1,December,Saturday,45,45,0,Sterling Silver,,Sterling Silver Necklaces,,Clover ,,,,
12/21/2024 17:19:50,12/21/2024,1,December,Saturday,10,10,0,Sterling Silver,,Sterling Silver Nose rings,,,,,,
12/22/2024 13:47:10,12/22/2024,1,December,Sunday,30,30,0,Sterling Silver,,Sterling Silver Bracelets,,Evil eye,,,,
12/22/2024 13:49:02,12/22/2024,1,December,Sunday,30,0,30,Sterling Silver,,Baby Pin with evil eye,,Evil eye,,,,
12/22/2024 14:55:11,12/22/2024,1,December,Sunday,40,40,0,Gold Plated,,,bracelets,Rose quartz,,,,
12/22/2024 14:57:00,12/22/2024,1,December,Sunday,22,22,0,Gold Plated,,,stud earings,Raw Stone,,,Rose Quarts (january),
12/22/2024 15:47:44,12/22/2024,1,December,Sunday,45,45,0,Gold Plated,,,necklaces,Raw Stone,,,White Crystal ,
12/22/2024 15:49:15,12/22/2024,1,December,Sunday,38,38,0,Sterling Silver,,Sterling Silver anklets,,Zirconia,Several colours ,,,
12/22/2024 16:56:14,12/22/2024,1,December,Sunday,25,25,0,Gold Plated,,,dangling earings,Birth stone diamond ,,,,
12/22/2024 17:27:20,12/22/2024,1,December,Sunday,36,36,0,Gold Plated,,,bracelets,Hamza Hand ,,,,
12/22/2024 17:28:20,12/22/2024,1,December,Sunday,22,3,19,Gold Plated,,,stud earings,Peridot,,,,
12/22/2024 17:30:07,12/22/2024,1,December,Sunday,7.5,7.5,0,Handmade / Beaded,Earing Charms,,,Flower ,,,,
12/22/2024 17:30:07,12/22/2024,1,December,Sunday,7.5,7.5,0,Handmade / Beaded,Earing Charms,,,Flower ,,,,
12/23/2024 11:57:08,12/23/2024,1,December,Monday,40,40,0,Gold Plated,,,rings,Green emerald ,,,,
12/23/2024 13:17:52,12/23/2024,1,December,Monday,45,45,0,Gold Plated,,,necklaces,Emerald pendant not triangle,,,,
12/23/2024 15:18:09,12/23/2024,1,December,Monday,79,79,0,Sterling Silver,,SET,,Infinity,,,,Necklace & Studs
12/23/2024 17:17:58,12/23/2024,1,December,Monday,18,18,0,Sterling Silver,,Sterling Silver Stud Earings,,Triple round ,,,,
12/24/2024 10:13:56,12/24/2024,1,December,Tuesday,45,45,0,Sterling Silver,,Sterling Silver Rings,,Sapphire ring,,,,
12/24/2024 12:38:57,12/24/2024,1,December,Tuesday,30,30,0,Sterling Silver,,Sterling Silver Bracelets,,BuTtErFlY bRaCeLeT,,,,
12/24/2024 12:54:02,12/24/2024,1,December,Tuesday,28,28,0,Sterling Silver,,Sterling Silver Stud Earings,,Sun turquoise ,,,,
12/24/2024 13:07:56,12/24/2024,1,December,Tuesday,15,15,0,Sterling Silver,,Sterling Silver Nose rings,,Butterfly pink,,,,
12/24/2024 13:35:17,12/24/2024,1,December,Tuesday,25,0,25,Gold Plated,,,stud earings,Mohave Stone,,Mohave emerald,,
12/24/2024 13:41:31,12/24/2024,1,December,Tuesday,30,0,30,Sterling Silver,,Sterling Silver Stud Earings,,Zirconia,white (diamond),,,
12/24/2024 15:19:59,12/24/2024,1,December,Tuesday,28,28,0,Sterling Silver,,Sterling Silver Stud Earings,,Moon stone ,,,,
12/24/2024 16:55:47,12/24/2024,1,December,Tuesday,35,35,0,Gold Plated,,,necklaces,Rose quartz ,,,,
12/24/2024 17:00:04,12/24/2024,1,December,Tuesday,30,30,0,Handmade / Beaded,beaded necklaces,,,Evil eye,,,,
12/24/2024 17:01:44,12/24/2024,1,December,Tuesday,30,30,0,Sterling Silver,,Sterling Silver Bracelets,,Flower zirconia ,,,,
12/26/2024 13:00:39,12/26/2024,1,December,Thursday,26,26,0,Gold Plated,,,dangling earings,Mohave Stone,,Mohave sapphire,,
12/26/2024 15:27:47,12/26/2024,1,December,Thursday,19,19,0,Gold Plated,,,stud earings,Blue sapphire ,,,,
12/26/2024 15:49:22,12/26/2024,1,December,Thursday,42,42,0,Sterling Silver,,Sterling Silver Necklaces,,Clover black with Zirconia ,,,,
12/26/2024 16:55:00,12/26/2024,1,December,Thursday,93,0,93,Sterling Silver,,Sterling Silver Rings,,Blue and apricot agate for men ,,,,
12/26/2024 17:56:33,12/26/2024,1,December,Thursday,34,34,0,Sterling Silver,,Sterling Silver Bracelets,,Evil eye,,,,
12/26/2024 16:55:00,12/26/2024,1,December,Thursday,93,0,93,Sterling Silver,,Sterling Silver Rings,,Blue and apricot agate for men ,,,,
12/27/2024 15:47:35,12/27/2024,1,December,Friday,30,30,0,Sterling Silver,,Sterling Silver Bracelets,,Butterfly ,,,,
12/27/2024 17:06:00,12/27/2024,1,December,Friday,60,60,0,Sterling Silver,,SET,,Oval purple,,,,Necklace & Studs
12/27/2024 17:06:34,12/27/2024,1,December,Friday,15,15,0,Handmade / Beaded,Key Chains,,,Poland,,,,
12/27/2024 17:07:30,12/27/2024,1,December,Friday,32,32,0,Sterling Silver,,Sterling Silver Necklaces,,Sun turquoise small,,,,
12/28/2024 14:09:06,12/28/2024,1,December,Saturday,58,8,50,Sterling Silver,,Sterling Silver Bracelets,,Man bracelets ,,,,
12/29/2024 13:44:57,12/29/2024,1,December,Sunday,20,0,20,Sterling Silver,,Sterling Silver Stud Earings,,Zirconia,white (diamond),,,
12/29/2024 14:47:45,12/29/2024,1,December,Sunday,22,22,0,Gold Plated,,,stud earings,Amethyst birth stone studs ,,,,
12/29/2024 16:01:31,12/29/2024,1,December,Sunday,30,30,0,Sterling Silver,,Sterling Silver Bracelets,,Globe ,,,,
12/30/2024 12:40:27,12/30/2024,1,December,Monday,30,0,30,Handmade / Beaded,beaded bracelets,,,Green,,,,
12/30/2024 12:41:01,12/30/2024,1,December,Monday,40,40,0,Sterling Silver,,Sterling Silver Necklaces,,Small clover white,,,,
12/30/2024 14:42:56,12/30/2024,1,December,Monday,35,35,0,Sterling Silver,,Sterling Silver Bracelets,,Clover white,,,,
12/30/2024 14:43:29,12/30/2024,1,December,Monday,35,35,0,Sterling Silver,,Sterling Silver Bracelets,,Clover black,,,,
12/30/2024 15:07:10,12/30/2024,1,December,Monday,40,40,0,Gold Plated,,,stud earings,White clover big ones,,,,
12/30/2024 15:40:30,12/30/2024,1,December,Monday,45,45,0,Sterling Silver,,Sterling Silver Necklaces,,Big clover white,,,,
12/31/2024 14:25:24,12/31/2024,1,December,Tuesday,36,36,0,Sterling Silver,,Sterling Silver Necklaces,,Evil eye,,,,
12/31/2024 14:26:00,12/31/2024,1,December,Tuesday,22,22,0,Handmade / Beaded,beaded bracelets,,,Evil eye,,,,
12/31/2024 14:26:32,12/31/2024,1,December,Tuesday,22,22,0,Handmade / Beaded,beaded bracelets,,,Evil eye,,,,
12/31/2024 17:22:11,12/31/2024,1,December,Tuesday,60,60,0,Gold Plated,,,SET,Raw Stone,,,Amethyst (february),Necklace & Earrings
12/31/2024 17:23:14,12/31/2024,1,December,Tuesday,35,35,0,Gold Plated,,,necklaces,Raw Stone,,,Peridot (august),
1/1/2025 13:54:32,1/1/2025,1,December,Wednesday,48,28,20,Sterling Silver,,Sterling Silver Bangles,,"Daisy , green stone",,,,
1/2/2025 12:02:36,1/2/2025,1,January,Thursday,15,15,0,Handmade / Beaded,Earing Charms,,,Butterfly ðŸ¦‹ and angel love blue,,,,
1/2/2025 17:08:43,1/2/2025,1,January,Thursday,15,15,0,Handmade / Beaded,Earing Charms,,,Unicorn and whale,,,,
1/2/2025 17:08:43,1/2/2025,1,January,Thursday,15,15,0,Handmade / Beaded,Earing Charms,,,Unicorn and whale,,,,
1/2/2025 17:08:43,1/2/2025,1,January,Thursday,15,15,0,Handmade / Beaded,Earing Charms,,,Unicorn and whale,,,,
1/4/2025 13:50:02,1/4/2025,1,January,Saturday,12,12,0,Sterling Silver,,Nose piercings ,,Zirconia,white (diamond),,,
1/6/2025 11:55:29,1/5/2025,1,January,Sunday,25,25,0,Sterling Silver,,Sterling Silver Rings,,Evil eye,,,,
1/6/2025 17:39:31,1/6/2025,1,January,Monday,30,30,0,Sterling Silver,,Sterling Silver Bracelets,,Zirconia,white (diamond),,,
1/7/2025 14:05:09,1/7/2025,1,January,Tuesday,79,79,0,Sterling Silver,,Sterling Silver Necklaces,,Men's,,,,
1/10/2025 11:20:44,1/10/2025,1,January,Friday,36,36,0,Sterling Silver,,Sterling Silver Rings,,Daisy plain,,,,
1/10/2025 11:30:05,1/10/2025,1,January,Friday,25,25,0,Sterling Silver,,Sterling Silver Rings,,Adjustable daisy,,,,
1/11/2025 15:53:13,1/11/2025,1,January,Saturday,22,22,0,Handmade / Beaded,beaded bracelets,,,Beaded bracelet,,,,
1/11/2025 15:55:04,1/11/2025,1,January,Saturday,10,10,0,Handmade / Beaded,Earing Charms,,,Charms,,,,
1/11/2025 15:55:53,1/11/2025,1,January,Saturday,30,30,0,Sterling Silver,,Sterling Silver Bracelets,,Evil eye,,,,
1/15/2025 11:15:19,1/15/2025,1,January,Wednesday,36,36,0,Gold Plated,,,bracelets,Hamza hand,,,,
1/15/2025 13:19:07,1/15/2025,1,January,Wednesday,15,0,15,Handmade / Beaded,Earing Charms,,,homemade ,,,,
1/15/2025 14:04:40,1/15/2025,1,January,Wednesday,10,10,0,Sterling Silver,,Sterling Silver Nose rings,,Zirconia,white (diamond),,,
1/15/2025 17:41:17,1/15/2025,1,January,Wednesday,16,16,0,Sterling Silver,,Sterling Silver Stud Earings,,Zirconia,white (diamond),,,
1/16/2025 16:15:32,1/16/2025,1,January,Thursday,22,22,0,Handmade / Beaded,beaded bracelets,,,Jasper beads,,,,
1/17/2025 17:02:41,1/17/2025,1,January,Friday,15,15,0,Handmade / Beaded,Earing Charms,,,Hand made earrings ,,,,
1/18/2025 14:21:58,1/18/2025,1,January,Saturday,30,30,0,Sterling Silver,,Sterling Silver Bangles,,Evil eye,,,,
1/18/2025 18:36:11,1/18/2025,1,January,Saturday,30,30,0,Sterling Silver,,Sterling Silver Stud Earings,,Mohave Stone,,Mohave white turquoise,,
1/18/2025 14:21:02,1/18/2025,1,January,Saturday,65,65,0,Sterling Silver,,SET,,Mohave Stone,,Onyx ,,Necklace & Bracelet
1/20/2025 11:28:17,1/20/2025,1,January,Monday,45,45,0,Gold Plated,,,necklaces,Evil eye,,,,
1/20/2025 13:22:13,1/20/2025,1,January,Monday,50,50,0,Gold Plated,,,necklaces,Vancleef ,,,,
1/21/2025 9:53:17,1/21/2025,1,January,Monday,18,0,18,Sterling Silver,,Chain plain silver,,Zirconia,Plain chain,,,
1/22/2025 16:00:13,1/22/2025,1,January,Wednesday,30,30,0,Sterling Silver,,Sterling Silver Bracelets,,Evil eye,,,,
1/23/2025 14:22:01,1/23/2025,1,January,Thursday,10,0,10,Sterling Silver,,Sterling Silver Nose rings,,Plain white zirconia,,,,
1/23/2025 16:16:33,1/23/2025,1,January,Thursday,36,36,0,Gold Plated,,,necklaces,Mohave Stone,,Mohave amethyst,,
1/23/2025 16:17:23,1/23/2025,1,January,Thursday,40,40,0,Gold Plated,,,bracelets,Mohave Stone,,Mohave amethyst,,
1/23/2025 16:18:19,1/23/2025,1,January,Thursday,25,25,0,Gold Plated,,,stud earings,Mohave Stone,,Mohave amethyst,,
1/24/2025 10:50:14,1/24/2025,1,January,Friday,50,50,0,Sterling Silver,,Sterling Silver Rings,,Zirconia,white (diamond),,,
1/24/2025 12:26:26,1/24/2025,1,January,Friday,50,50,0,Gold Plated,,,necklaces,Vancleef,,,,
1/24/2025 12:27:03,1/24/2025,1,January,Friday,48,48,0,Gold Plated,,,necklaces,Vancleef,,,,
1/25/2025 14:15:26,1/25/2025,1,January,Saturday,35,35,0,Sterling Silver,,Sterling Silver Bracelets,,Mohave Stone,,Mohave turquoise,,
1/25/2025 14:16:18,1/25/2025,1,January,Saturday,35,35,0,Sterling Silver,,Sterling Silver Bangles,,Mohave Stone,,Black ,,
1/25/2025 16:29:41,1/25/2025,1,January,Saturday,45,45,0,Sterling Silver,,Sterling Silver Rings,,Zirconia,Ruby,,,
1/25/2025 16:47:17,1/25/2025,1,January,Saturday,35,35,0,Sterling Silver,,Sterling Silver Bracelets,,Evil eye,,,,
1/26/2025 16:18:20,1/26/2025,1,December,Sunday,40,0,40,Sterling Silver,,Sterling Silver Bracelets,,Zirconia,White Heart ,,,
1/27/2025 11:28:34,1/27/2025,1,January,Monday,36,36,0,Sterling Silver,,Sterling Silver Necklaces,,Vancleef small ,,,,
1/27/2025 11:29:23,1/27/2025,1,January,Monday,35,35,0,Sterling Silver,,Sterling Silver Stud Earings,,Zirconia,white (diamond),,,
1/31/2025 12:06:09,1/31/2025,1,January,Friday,35,35,0,Sterling Silver,,Sterling Silver Bracelets,,Four leaf clover,,,,
2/1/2025 16:41:18,2/1/2025,1,January,Saturday,10,0,10,Handmade / Beaded,beaded bracelets,,,Beads,,,,
2/1/2025 16:42:20,2/1/2025,1,January,Saturday,20,0,20,Sterling Silver,,Sterling Silver Stud Earings,,Zirconia,white (diamond),,,
2/2/2025 23:49:45,2/2/2025,1,January,Sunday,45,45,0,Sterling Silver,,Sterling Silver Rings,,Zirconia,pink,,,
2/3/2025 10:59:15,2/3/2025,1,Feburary,Monday,35,35,0,Sterling Silver,,Sterling Silver Bracelets,,Flower ,,,,
2/3/2025 10:59:55,2/3/2025,1,Feburary,Monday,45,45,0,Sterling Silver,,Sterling Silver Bracelets,,Vancleef ,,,,
3/3/2025 14:38:47,2/3/2025,1,March,Monday,55,0,55,Sterling Silver,,Silver bracelet for men,,Sterling silver male bracelet ,,,,
2/5/2025 14:07:50,2/5/2025,1,Feburary,Wednesday,40,40,0,Sterling Silver,,Sterling Silver Bracelets,,Zirconia,white (diamond),,,
2/6/2025 15:04:12,2/6/2025,1,Feburary,Thursday,60,0,60,Sterling Silver,,Sterling Silver Necklaces,,Allah pendant,,,,
2/8/2025 16:54:50,2/8/2025,1,January,Saturday,30,30,0,Sterling Silver,,Sterling Silver Rings,,Zirconia,white (diamond),,,
2/8/2025 16:56:15,2/8/2025,1,January,Saturday,22,22,0,Handmade / Beaded,beaded bracelets,,,Life tree,,,,
2/10/2025 13:18:15,2/10/2025,1,Feburary,Monday,15,15,0,Handmade / Beaded,Earing Charms,,,Handmade earrings,,,,
2/12/2025 17:36:54,2/12/2025,1,Feburary,Wednesday,60,60,0,Sterling Silver,,Sterling Silver Necklaces,,Mum in Arabic necklace ,,,,
2/13/2025 14:30:40,2/13/2025,1,Feburary,Thursday,12,12,0,Handmade / Beaded,beaded bracelets,,,Named,,,,
2/13/2025 15:40:48,2/13/2025,1,Feburary,Thursday,22,22,0,Handmade / Beaded,beaded bracelets,,,Rose quartz glass stone,,,,
2/14/2025 16:55:40,2/14/2025,1,Feburary,Friday,26,26,0,Sterling Silver,,Sterling Silver Bracelets,,Flower ,,,,
2/16/2025 16:26:18,2/16/2025,1,Feburary,Sunday,66,66,0,Sterling Silver,,SET,,Turquoise stone in silver ,,,,Necklace & Studs
2/17/2025 11:08:04,2/17/2025,1,Feburary,Monday,35,0,35,Gold Plated,,,Mohav big purple earrings,Mohave Stone,,Purple,,
2/20/2025 10:59:01,2/20/2025,1,Feburary,Thursday,18,18,0,Sterling Silver,,Sterling Silver Stud Earings,,Children earrings ( they twist) ,,,,
2/20/2025 10:59:02,2/20/2025,1,Feburary,Thursday,18,18,0,Sterling Silver,,Sterling Silver Stud Earings,,Children earrings ( they twist) ,,,,
2/20/2025 10:59:02,2/20/2025,1,Feburary,Thursday,18,18,0,Sterling Silver,,Sterling Silver Stud Earings,,Children earrings ( they twist) ,,,,
2/20/2025 17:37:30,2/20/2025,1,Feburary,Thursday,7.5,7.5,0,Handmade / Beaded,Earing Charms,,,Flower charms,,,,
2/24/2025 17:08:49,2/24/2025,1,Feburary,Monday,26,26,0,Sterling Silver,,Sterling Silver Bracelets,,Evil eye,,,,
2/27/2025 12:10:44,2/27/2025,1,Feburary,Thursday,50,0,50,Sterling Silver,,Sterling Silver Rings,,Zirconia,white (diamond),,,
2/27/2025 14:24:03,2/27/2025,1,Feburary,Thursday,45,45,0,Gold Plated,,,stud earings,Amethyst triangle earrings,,,,
3/1/2025 16:58:55,3/1/2025,1,March,Saturday,36,0,36,Sterling Silver,,Sterling Silver Rings,,Raw Stone,,,Pearl moonstone (june),
3/3/2025 17:44:21,3/3/2025,1,March,Monday,45,45,0,Sterling Silver,,Sterling Silver Necklaces,,Butterfly sterling silver necklace,,,,
3/3/2025 17:45:10,3/3/2025,1,March,Monday,45,45,0,Sterling Silver,,Sterling Silver Bracelets,,Butterfly ,,,,
3/6/2025 12:53:11,3/6/2025,1,March,Thursday,80,80,0,Gold Plated,,,SET,Mohave Stone,,Mohave ruby,,Necklace & Earrings
3/6/2025 12:54:22,3/6/2025,1,March,Thursday,38,38,0,Gold Plated,,,rings,Raw Stone,,,Aquamarine (march),
3/6/2025 12:55:30,3/6/2025,1,March,Thursday,90,90,0,Sterling Silver,,SET,,Clover green ,,,,Necklace & Bracelet & Studs
3/7/2025 11:39:00,3/7/2025,1,March,Friday,35,35,0,Gold Plated,,,stud earings,Pink stone ,,,,
3/7/2025 11:40:15,3/7/2025,1,March,Friday,45,45,0,Gold Plated,,,rings,Green and white stone,,,,
3/7/2025 11:41:41,3/7/2025,1,March,Friday,60,60,0,Gold Plated,,,rings,Big blue pink purple stone,,,,
3/8/2025 13:25:36,3/8/2025,1,March,Saturday,30,30,0,Sterling Silver,,Sterling Silver Stud Earings,,Zirconia,Pink green and blue,,,
3/8/2025 13:27:43,3/8/2025,1,March,Saturday,45,45,0,Sterling Silver,,Sterling Silver Bracelets,,Raw Stone,,,Turquoise (december),
3/8/2025 13:30:17,3/8/2025,1,March,Saturday,30,30,0,Sterling Silver,,Sterling Silver Rings,,Mohave Stone,,Mohave ruby,,
3/9/2025 13:16:36,3/8/2025,1,March,Saturday,50,50,0,Sterling Silver,,Sterling Silver Necklaces,,Palestine leaf,,,,
3/9/2025 13:57:26,3/8/2025,1,March,Saturday,40,40,0,Sterling Silver,,Sterling Silver Rings,,Zirconia,white (diamond),,,
3/9/2025 16:47:10,3/9/2025,1,March,Sunday,45,45,0,Gold Plated,,,rings,Blue and yellow citrine,,,,
3/9/2025 16:48:47,3/9/2025,1,March,Sunday,45,0,45,Gold Plated,,,rings,Green glass emerald ,,,,
3/9/2025 16:51:20,3/9/2025,1,March,Sunday,60,0,60,Gold Plated,,,rings,Turquoise amethyst rose quartz,,,,
3/9/2025 16:49:44,3/9/2025,1,March,Sunday,45,0,45,Gold Plated,,,rings,Amazonite and white stone,,,,
3/12/2025 16:54:54,3/12/2025,1,March,Wednesday,24,0,24,Sterling Silver,,Sterling Silver Bracelets,,Evil eye,,,,
3/14/2025 16:25:06,3/14/2025,1,March,Friday,45,0,45,Sterling Silver,,Sterling Silver Rings,,Evil eye,,,,
3/14/2025 16:26:46,3/14/2025,1,March,Friday,45,0,45,Sterling Silver,,Sterling Silver Rings,,Evil eye,,,,
3/14/2025 16:27:25,3/14/2025,1,March,Friday,45,0,45,Sterling Silver,,Sterling Silver Bracelets,,Evil eye,,,,
3/14/2025 16:30:12,3/14/2025,1,March,Friday,45,0,45,Sterling Silver,,Sterling Silver Bracelets,,Evil eye,,,,
3/16/2025 11:43:08,3/15/2025,1,March,Saturday,27,27,0,Sterling Silver,,SET,,Zirconia,white (diamond),,,Necklace & Studs
3/16/2025 11:43:53,3/15/2025,1,March,Saturday,30,30,0,Gold Plated,,,dangling earings,Mohave Stone,,Mohave amethyst,,
3/16/2025 11:46:20,3/15/2025,1,March,Saturday,94,0,94,Sterling Silver,,Sterling Silver Rings,,Sapphire lady diana ring,,,,
3/16/2025 11:47:22,3/15/2025,1,March,Saturday,60,60,0,Sterling Silver,,Sterling Silver Rings,,Zirconia,white (diamond),,,
3/16/2025 11:49:00,3/15/2025,1,March,Saturday,10,10,0,Handmade / Beaded,Earing Charms,,,Mr Bunny,,,,
3/16/2025 11:50:05,3/15/2025,1,March,Saturday,6,0,6,Sterling Silver,,Sterling Silver Nose rings,,Zirconia,white (diamond),,,
3/16/2025 11:51:11,3/15/2025,1,March,Saturday,38.5,38.5,0,Gold Plated,,,SET,Mohave Stone,,Mohave turquoise,,Necklace & Earrings
3/16/2025 16:52:19,3/16/2025,1,March,Sunday,24.5,24.5,0,Sterling Silver,,Sterling Silver Bracelets,,Clover 4 hearts,,,,
3/19/2025 14:17:10,3/19/2025,1,March,Wednesday,22.5,22.5,0,Gold Plated,,,stud earings,Sunshine purple,,,,
3/19/2025 22:02:19,3/20/2025,1,March,Wednesday,22,22,0,Handmade / Beaded,beaded bracelets,,,Raw citrine ,,,,
3/20/2025 14:54:42,3/20/2025,1,March,Thursday,37,37,0,Gold Plated,,,stud earings,Mohave Stone,,Mohave white ,,
3/20/2025 14:56:46,3/20/2025,1,March,Thursday,37,37,0,Gold Plated,,,stud earings,Mohave Stone,,Mohave white turquoise,,
3/20/2025 14:57:34,3/20/2025,1,March,Thursday,37,37,0,Sterling Silver,,Sterling Silver Bracelets,,Vancleef green,,,,
3/21/2025 13:24:39,3/21/2025,1,March,Friday,22,22,0,Sterling Silver,,Sterling Silver Necklaces,,Palestine necklace,,,,
3/21/2025 14:11:36,3/21/2025,1,March,Friday,55,55,0,Sterling Silver,,Sterling Silver Necklaces,,Allah blue ,,,,
3/23/2025 15:28:21,3/23/2025,1,March,Sunday,18,18,0,Sterling Silver,,Sterling Silver Stud Earings,,Children studs in silver,,,,
3/23/2025 15:29:12,3/23/2025,1,March,Sunday,10,10,0,Handmade / Beaded,Earing Charms,,,Sunflower silver,,,,
3/23/2025 16:22:24,3/23/2025,1,March,Sunday,22,22,0,Handmade / Beaded,beaded bracelets,,,Raw Stone,,,Amazonite and rose quartz ,
3/23/2025 16:22:24,3/23/2025,1,March,Sunday,22,22,0,Handmade / Beaded,beaded bracelets,,,Raw Stone,,,Amazonite and rose quartz ,
3/24/2025 9:52:13,3/24/2025,1,March,Monday,36.5,36.5,0,Sterling Silver,,SET,,Evil eye,,,,Necklace & Studs
3/26/2025 11:02:57,3/26/2025,1,March,Wednesday,12,12,0,Sterling Silver,,Sterling Silver Nose rings,,Zirconia,white (diamond),,,
3/26/2025 17:07:53,3/26/2025,1,March,Wednesday,20,20,0,Sterling Silver,,Sterling Silver Bracelets,,Evil eye,,,,
3/27/2025 14:58:03,3/27/2025,1,March,Thursday,53,0,53,Sterling Silver,,Sterling Silver Stud Earings,,Flower sapphire,,,,
3/28/2025 17:09:37,3/28/2025,1,March,Friday,10,10,0,Sterling Silver,,Sterling Silver Nose rings,,Zirconia,white (diamond),,,
3/28/2025 17:10:48,3/28/2025,1,March,Thursday,12,12,0,Sterling Silver,,Sterling Silver Nose rings,,Zirconia,white (diamond),,,
3/28/2025 17:11:49,3/28/2025,1,March,Friday,12,12,0,Sterling Silver,,Sterling Silver Nose rings,,Zirconia,white (diamond),,,
3/28/2025 17:24:02,3/28/2025,1,March,Friday,15,0,15,Handmade / Beaded,Handmade earrings ,,,Handmade silver earrings,,,,
3/28/2025 17:25:13,3/28/2025,1,March,Friday,15,0,15,Handmade / Beaded,Earrings,,,Handmade silver ,,,,
3/29/2025 12:06:07,3/29/2025,1,March,Saturday,25,25,0,Sterling Silver,,Silver earring ,,Zirconia,white (diamond),,,
3/29/2025 12:07:09,3/28/2025,1,March,Saturday,10,10,0,Handmade / Beaded,beaded bracelets,,,Evil eye,,,,
3/29/2025 12:08:53,3/28/2025,1,March,Saturday,27.5,27.5,0,Sterling Silver,,Pendants,,Moon stone and black one ,,,,
3/30/2025 13:26:42,3/30/2025,1,March,Sunday,23.5,0,23.5,Gold Plated,,,necklaces,Mohave Stone,,Mohave turquoise,,
3/30/2025 13:28:17,3/30/2025,1,March,Sunday,20,0,20,Sterling Silver,,Sterling Silver Bracelets,,Evil eye,,,,
3/30/2025 19:37:44,3/30/2025,1,March,Sunday,18,18,0,Sterling Silver,,Sterling Silver Stud Earings,,Zirconia,white (diamond),,,
3/30/2025 19:38:44,3/30/2025,1,March,Sunday,39,39,0,Sterling Silver,,SET,,Clover white,,,,Necklace & Earrings
3/30/2025 19:39:38,3/30/2025,1,March,Sunday,20,20,0,Sterling Silver,,Sterling Silver Bracelets,,Tennis bracelet ,,,,
3/30/2025 19:41:24,3/30/2025,1,March,Sunday,10,10,0,Sterling Silver,,Sterling Silver Stud Earings,,Zirconia,turquoise,,,
3/31/2025 16:18:51,3/31/2025,1,March,Monday,15,5,10,Sterling Silver,,Sterling Silver Stud Earings,,Zirconia,White Heart ,,,
4/2/2025 13:55:38,4/2/2025,2,April,Wednesday,15,15,0,Handmade / Beaded,Earing Charms,,,Handmade earrings ,,,,
4/2/2025 15:45:36,4/2/2025,1,April,Wednesday,22,0,22,Handmade / Beaded,beaded bracelets,,,Light blue with love charm ,,,,
4/2/2025 17:11:42,4/2/2025,1,April,Wednesday,30,30,0,Sterling Silver,,Sterling Silver Rings,,Zirconia,White diamond around dark blue in mifdle,,,
4/2/2025 13:55:38,4/2/2025,1,April,Wednesday,15,15,0,Handmade / Beaded,Earing Charms,,,Handmade earrings ,,,,
4/2/2025 13:55:38,4/2/2025,1,April,Wednesday,15,15,0,Handmade / Beaded,Earing Charms,,,Handmade earrings ,,,,